"certificate_ID";"tag_ID"
1;1
1;2
1;3
2;1
2;2
2;806
2;1605
2;1606
3;3
4;4
5;5
6;6
7;7
7;765
8;8
8;793
9;9
10;10
12;344
18;493
23;296
25;216
25;419
27;81
28;824
31;660
36;345
36;531
37;123
43;270
48;902
49;24
52;329
53;883
56;948
59;171
61;840
62;39
63;324
66;205
66;475
66;513
68;111
68;819
71;54
71;733
76;146
76;453
80;222
82;50
94;206
98;875
101;183
103;1
103;666
104;1
104;2
104;12
104;13
104;16
105;83
106;1
106;3
107;13
107;113
107;528
109;2
109;15
109;228
110;766
113;2
113;19
118;117
118;119
119;742
121;905
122;855
124;179
124;216
128;435
130;503
135;1605
136;673
136;957
150;493
153;548
158;109
159;307
159;732
160;75
171;400
173;954
177;831
178;903
181;277
182;379
183;687
187;87
188;120
190;14
194;103
194;186
202;780
205;554
205;609
208;656
211;164
213;158
215;220
215;403
216;282
216;603
223;211
228;149
232;783
233;787
236;516
239;197
241;89
243;245
248;918
252;409
254;389
255;242
256;147
257;385
257;873
259;514
266;38
270;861
270;971
271;975
273;155
274;637
280;750
283;142
283;493
285;387
289;299
289;996
291;720
292;241
292;601
293;920
298;813
299;66
300;597
302;570
303;206
313;380
313;482
315;915
323;761
324;597
332;125
333;856
336;530
337;10
337;142
338;392
345;118
345;828
349;698
353;699
358;483
359;482
370;24
373;428
375;630
377;858
383;408
385;178
387;245
388;692
389;557
392;862
394;430
394;771
395;413
396;77
396;419
397;606
407;868
409;544
415;894
415;984
418;217
419;733
422;105
422;223
423;227
423;642
434;158
435;873
435;975
436;987
437;920
438;296
439;55
440;289
451;693
452;289
453;359
454;550
457;101
459;936
462;287
463;380
464;618
470;117
471;389
472;234
481;281
484;936
486;982
492;110
492;519
494;244
494;276
496;630
496;681
496;920
500;453
501;364
502;631
503;666
507;548
511;110
511;735
512;125
512;673
513;981
515;533
518;829
519;760
521;729
524;978
529;988
534;705
538;220
542;167
545;685
548;927
552;698
561;173
565;994
567;498
568;849
569;216
574;631
577;80
580;159
583;398
586;5
588;769
589;187
589;973
592;5
592;945
593;230
594;540
594;979
612;808
617;2
617;743
618;194
618;509
621;190
621;638
625;139
632;759
637;719
641;54
643;34
643;249
644;126
649;655
650;258
656;802
660;266
662;587
664;733
673;75
673;296
673;823
678;367
678;993
679;726
683;334
684;274
685;14
686;644
687;258
689;354
689;555
698;210
698;567
701;768
706;257
706;800
710;724
715;218
715;996
725;528
726;661
727;34
727;424
729;268
729;924
730;500
730;620
732;642
735;245
737;579
740;593
741;45
741;268
743;128
743;747
748;707
749;131
752;773
755;199
757;971
762;660
762;872
763;964
764;968
767;120
770;219
777;409
779;709
782;42
782;166
782;386
782;633
786;302
786;861
788;93
788;150
788;707
793;219
794;207
801;610
802;831
803;250
806;574
806;839
807;78
808;101
812;374
816;750
819;207
822;601
826;295
830;13
832;264
833;796
843;310
846;182
847;407
849;503
853;984
854;818
854;863
859;759
860;281
862;298
862;706
866;128
866;551
868;189
868;481
868;728
870;750
871;136
874;121
875;1
876;925
878;728
879;569
885;347
886;830
887;73
887;338
892;467
895;381
896;285
898;922
900;227
901;483
905;158
909;551
911;430
912;14
915;690
916;889
917;322
920;438
921;117
922;290
924;675
929;8
929;261
931;495
933;510
935;668
936;809
938;323
938;540
942;874
945;98
950;568
954;267
955;635
957;322
958;770
960;859
967;153
971;291
975;476
984;937
988;24
988;755
993;475
996;398
996;413
996;627
996;644
999;22
1002;767
1003;262
1004;109
1004;870
1006;350
1006;517
1008;611
1008;885
1011;608
1021;250
1022;399
1025;313
1027;81
1029;365
1029;485
1031;644
1037;458
1039;446
1040;17
1040;301
1042;434
1043;360
1048;41
1050;398
1055;100
1058;903
1064;989
1066;197
1069;659
1070;725
1078;479
1082;771
1084;857
1086;413
1089;708
1089;754
1092;252
1092;959
1092;983
1094;973
1096;861
1098;75
1098;495
1100;884
1101;890
1102;837
1108;595
1108;718
1112;76
1115;804
1116;777
1117;332
1122;35
1131;726
1136;635
1143;926
1144;600
1145;708
1148;414
1149;878
1153;382
1155;676
1161;150
1167;584
1168;503
1168;619
1172;511
1176;264
1180;574
1183;979
1184;53
1187;579
1189;434
1193;882
1198;422
1198;856
1203;353
1203;902
1204;602
1205;553
1205;659
1207;872
1208;620
1209;322
1214;350
1214;972
1218;90
1219;155
1219;775
1223;2
1228;198
1228;233
1230;738
1232;71
1236;706
1238;493
1239;975
1241;339
1244;685
1246;707
1248;830
1250;106
1251;130
1251;593
1256;63
1263;843
1264;817
1269;599
1270;225
1271;121
1271;313
1274;997
1278;102
1278;494
1278;682
1279;861
1281;396
1286;444
1290;209
1290;764
1296;271
1302;27
1305;36
1307;363
1310;817
1312;401
1313;259
1315;577
1316;247
1318;452
1321;285
1322;90
1323;103
1325;554
1329;422
1336;464
1342;281
1345;944
1349;831
1350;242
1350;501
1350;763
1350;954
1351;569
1351;971
1352;74
1352;767
1353;971
1354;501
1355;531
1356;543
1356;638
1361;377
1362;653
1365;446
1367;138
1370;968
1371;861
1375;544
1376;922
1379;896
1383;44
1385;710
1385;999
1387;975
1391;988
1393;791
1394;511
1395;753
1396;818
1397;101
1398;555
1399;133
1402;156
1403;741
1404;327
1406;213
1408;989
1414;657
1416;738
1420;971
1422;777
1429;57
1431;58
1431;747
1433;43
1434;949
1435;800
1439;740
1442;856
1447;202
1447;232
1451;275
1451;645
1454;18
1455;77
1457;659
1459;357
1464;412
1465;352
1471;736
1472;236
1475;250
1475;311
1475;406
1477;731
1484;336
1489;478
1489;721
1490;890
1501;110
1501;162
1505;947
1508;501
1512;277
1515;774
1518;123
1518;476
1521;790
1533;703
1536;176
1537;107
1539;877
1541;888
1542;524
1547;275
1547;962
1549;503
1552;934
1555;594
1559;209
1559;968
1560;346
1562;44
1562;151
1569;9
1569;672
1575;997
1576;153
1585;915
1594;354
1597;64
1600;243
1602;213
1604;57
1604;85
1611;121
1613;339
1614;211
1614;305
1620;319
1623;663
1625;726
1631;812
1635;24
1635;157
1643;842
1647;191
1647;583
1649;654
1651;677
1659;207
1663;646
1664;638
1667;172
1667;284
1667;417
1674;7
1674;471
1677;434
1681;583
1682;920
1684;650
1685;676
1685;730
1686;156
1687;208
1687;611
1688;534
1688;821
1695;763
1695;961
1697;452
1700;705
1702;957
1705;468
1705;681
1710;132
1710;722
1711;491
1711;597
1712;244
1714;868
1721;23
1721;456
1724;475
1726;684
1728;996
1734;628
1734;971
1737;48
1737;81
1749;992
1750;450
1754;599
1755;825
1761;104
1763;940
1764;137
1764;608
1766;965
1767;448
1768;991
1770;654
1770;811
1779;23
1781;410
1785;124
1788;639
1795;651
1799;126
1803;793
1805;837
1808;887
1814;403
1820;635
1840;538
1840;941
1842;299
1844;134
1847;113
1847;890
1853;47
1860;727
1863;184
1864;522
1865;533
1868;813
1876;754
1878;766
1879;485
1881;725
1884;138
1886;620
1888;912
1889;648
1891;656
1902;263
1903;454
1905;68
1905;416
1906;253
1914;983
1915;212
1915;545
1920;78
1921;321
1922;966
1923;825
1926;472
1926;846
1927;981
1931;716
1937;242
1937;733
1938;642
1941;123
1943;625
1947;354
1947;358
1948;507
1950;18
1950;444
1950;917
1951;989
1952;129
1952;508
1955;115
1956;297
1956;435
1957;370
1959;838
1964;554
1966;3
1967;519
1969;680
1976;449
1980;713
1983;18
1984;743
1985;398
1985;540
1993;518
1997;161
1998;22
1998;831
2000;57
2000;298
2003;834
2004;420
2010;141
2010;149
2018;114
2020;259
2021;942
2022;587
2024;567
2025;711
2027;670
2033;57
2034;649
2034;663
2038;394
2043;615
2043;792
2046;823
2049;395
2049;793
2054;482
2055;503
2062;125
2062;249
2067;991
2068;812
2068;881
2072;82
2076;47
2078;949
2079;840
2080;698
2081;723
2084;816
2089;424
2092;89
2092;678
2093;937
2093;945
2094;164
2094;614
2095;430
2095;653
2096;347
2097;945
2099;450
2101;265
2101;693
2107;514
2110;254
2113;715
2113;863
2115;525
2117;940
2117;960
2122;562
2122;752
2129;144
2129;943
2130;273
2131;14
2132;177
2135;238
2138;58
2139;601
2140;144
2140;197
2142;512
2151;848
2155;631
2156;414
2165;520
2166;170
2168;295
2169;79
2175;401
2177;543
2184;785
2186;71
2187;585
2192;961
2202;45
2202;324
2209;337
2212;598
2213;528
2213;566
2213;707
2214;156
2219;625
2222;452
2224;612
2225;62
2226;941
2230;554
2230;902
2230;926
2232;260
2234;601
2235;167
2235;747
2237;89
2237;285
2238;501
2239;417
2240;812
2242;940
2243;684
2248;54
2250;697
2250;988
2255;15
2255;25
2255;980
2263;324
2264;510
2267;421
2267;976
2269;546
2272;429
2275;983
2277;603
2281;619
2284;755
2286;337
2288;24
2288;344
2289;625
2290;671
2293;259
2296;204
2298;242
2300;857
2301;264
2304;419
2310;188
2310;243
2311;134
2313;564
2315;85
2316;400
2317;873
2322;68
2323;439
2323;903
2325;396
2332;142
2341;132
2341;674
2343;194
2344;123
2344;217
2344;576
2345;106
2346;837
2348;469
2349;163
2349;175
2351;711
2352;507
2352;771
2358;787
2359;293
2359;585
2361;45
2362;990
2367;290
2367;737
2369;676
2373;681
2373;737
2376;394
2378;162
2378;361
2393;866
2395;814
2399;344
2399;973
2402;783
2408;877
2411;332
2411;623
2412;598
2414;65
2417;203
2422;864
2423;541
2428;352
2431;688
2437;722
2438;366
2441;849
2443;309
2443;892
2453;536
2454;452
2454;801
2456;603
2459;409
2459;723
2460;60
2469;878
2475;49
2478;357
2481;613
2483;291
2485;550
2487;998
2490;889
2492;299
2494;21
2495;577
2497;152
2500;106
2500;251
2501;105
2505;9
2505;817
2506;225
2509;214
2511;303
2512;987
2515;693
2517;937
2529;702
2529;860
2530;792
2530;997
2532;65
2534;122
2534;749
2535;806
2536;490
2539;190
2552;854
2554;340
2557;413
2561;894
2566;639
2571;170
2571;657
2576;710
2576;806
2587;732
2589;967
2594;889
2595;721
2598;874
2599;48
2602;828
2604;434
2607;318
2608;992
2611;277
2611;330
2613;458
2616;507
2620;350
2621;691
2624;124
2629;394
2629;825
2629;913
2630;167
2632;58
2634;231
2634;464
2638;87
2644;508
2644;930
2644;934
2653;236
2655;330
2660;932
2664;142
2664;704
2665;782
2666;656
2667;783
2668;309
2671;423
2673;805
2677;258
2679;894
2681;799
2684;276
2688;854
2693;53
2694;477
2697;299
2698;49
2698;231
2698;974
2699;56
2700;362
2701;886
2705;967
2707;944
2709;550
2712;322
2712;496
2716;404
2717;659
2725;204
2733;600
2735;44
2736;419
2736;879
2737;294
2738;585
2744;35
2745;377
2745;421
2748;183
2752;39
2753;661
2756;228
2757;52
2759;573
2759;640
2760;140
2761;304
2762;661
2763;206
2764;369
2767;586
2772;82
2774;138
2774;759
2774;855
2776;321
2776;727
2776;949
2778;470
2779;367
2781;903
2784;439
2786;217
2791;536
2797;631
2800;228
2807;43
2807;680
2810;490
2811;637
2816;625
2819;343
2821;5
2821;996
2824;1
2829;51
2831;540
2831;631
2833;629
2836;314
2839;326
2841;558
2842;937
2843;740
2845;327
2845;741
2847;306
2848;656
2851;880
2852;392
2854;455
2855;555
2858;632
2859;172
2860;955
2862;976
2863;155
2865;104
2869;646
2873;796
2879;153
2886;756
2887;674
2888;943
2889;382
2893;274
2894;987
2904;160
2912;968
2918;200
2919;522
2919;797
2929;445
2930;87
2934;735
2935;550
2938;778
2943;495
2944;230
2947;710
2951;660
2959;781
2961;230
2961;577
2965;529
2966;156
2966;632
2966;654
2971;227
2980;393
2983;627
2985;254
2985;428
2987;150
2992;1000
2997;42
2998;996
2999;120
3004;821
3007;701
3010;553
3014;651
3017;498
3021;351
3023;558
3024;19
3028;792
3032;182
3034;180
3038;412
3041;229
3042;14
3045;408
3046;963
3048;258
3049;367
3052;641
3054;16
3055;255
3055;590
3060;614
3060;750
3061;733
3062;679
3067;141
3067;151
3071;656
3077;729
3080;797
3081;260
3090;417
3091;969
3092;149
3097;368
3101;642
3103;174
3104;644
3104;760
3106;826
3109;606
3112;909
3116;570
3122;304
3126;93
3127;358
3136;255
3138;546
3142;821
3145;989
3146;633
3153;142
3155;654
3156;908
3160;472
3173;173
3176;957
3177;999
3180;202
3180;802
3183;502
3183;560
3185;148
3186;674
3191;272
3191;885
3192;634
3196;234
3198;723
3204;102
3218;930
3219;797
3221;20
3230;725
3232;97
3232;200
3237;804
3239;724
3240;289
3242;117
3242;979
3247;901
3256;383
3256;501
3259;506
3263;722
3267;590
3269;719
3271;434
3271;479
3274;541
3274;625
3275;836
3277;237
3277;409
3283;537
3287;77
3297;178
3299;112
3300;430
3300;450
3303;96
3315;302
3315;569
3316;908
3317;600
3321;403
3325;806
3326;132
3328;397
3329;726
3332;332
3333;956
3338;533
3343;163
3344;342
3344;982
3347;608
3349;24
3350;489
3355;842
3359;791
3361;325
3361;983
3362;206
3363;214
3365;704
3370;221
3371;137
3372;754
3373;271
3374;563
3375;447
3375;603
3376;127
3376;487
3377;258
3377;933
3382;919
3384;66
3384;93
3385;20
3387;266
3387;944
3392;449
3395;845
3396;721
3402;829
3403;470
3403;936
3404;874
3406;251
3407;521
3412;110
3413;664
3416;870
3417;206
3425;464
3436;338
3438;888
3440;845
3447;760
3449;299
3451;734
3451;800
3457;859
3458;77
3459;597
3459;668
3463;966
3466;353
3466;748
3470;847
3478;201
3479;730
3481;585
3482;408
3482;478
3484;609
3487;756
3488;557
3492;586
3493;122
3497;605
3499;222
3499;292
3501;805
3501;806
3503;55
3504;797
3505;790
3509;2
3509;971
3509;999
3515;112
3519;366
3519;621
3521;555
3522;188
3525;960
3527;622
3529;10
3531;829
3535;410
3536;219
3536;436
3541;34
3542;445
3544;273
3544;664
3545;888
3547;441
3548;948
3551;352
3553;266
3555;904
3563;682
3565;929
3567;466
3568;273
3570;462
3574;543
3575;296
3580;589
3582;902
3585;990
3590;209
3599;565
3600;455
3601;534
3601;769
3609;407
3610;155
3620;22
3624;908
3625;596
3630;71
3631;405
3635;996
3636;15
3636;72
3636;518
3637;414
3645;959
3649;900
3650;384
3650;483
3650;794
3655;296
3658;813
3660;520
3662;421
3665;273
3670;77
3671;593
3671;798
3671;986
3677;186
3682;64
3690;202
3691;243
3695;156
3695;811
3698;947
3701;45
3704;642
3710;58
3710;136
3710;448
3713;664
3713;673
3715;226
3717;888
3721;547
3723;396
3723;404
3725;384
3728;765
3729;363
3730;48
3731;586
3734;550
3735;501
3736;144
3736;844
3739;178
3741;374
3742;118
3745;819
3750;339
3751;23
3753;435
3755;647
3756;1000
3761;787
3763;850
3770;37
3772;843
3773;509
3774;863
3778;61
3778;307
3781;566
3785;293
3788;109
3790;729
3794;345
3796;626
3797;563
3809;373
3811;536
3815;24
3815;54
3816;855
3817;158
3818;24
3821;243
3825;767
3827;707
3832;612
3832;654
3835;72
3837;724
3838;915
3838;985
3842;470
3843;872
3848;841
3850;800
3856;163
3862;915
3864;170
3864;862
3866;692
3866;774
3870;95
3871;812
3872;604
3878;620
3878;917
3880;767
3882;436
3886;88
3892;415
3892;567
3892;824
3895;691
3898;421
3903;712
3904;249
3904;699
3907;229
3909;827
3909;886
3910;319
3910;967
3914;740
3918;31
3918;870
3919;998
3923;193
3927;823
3933;122
3936;971
3940;394
3941;951
3942;535
3944;878
3948;738
3952;254
3957;307
3957;829
3959;823
3961;380
3961;788
3970;450
3970;906
3974;48
3974;554
3978;416
3982;649
3984;389
3993;250
4000;158
4001;40
4010;980
4012;633
4012;782
4013;725
4018;400
4018;591
4024;880
4025;689
4026;963
4031;27
4031;604
4032;126
4033;5
4042;767
4044;317
4045;908
4047;104
4051;413
4061;77
4064;917
4067;869
4068;787
4069;125
4072;299
4074;357
4076;697
4078;828
4083;601
4084;341
4086;681
4093;63
4095;480
4097;414
4098;979
4100;865
4101;727
4102;506
4104;972
4106;715
4107;697
4109;394
4109;496
4110;224
4111;267
4111;274
4112;161
4112;950
4113;173
4114;218
4116;683
4127;341
4127;987
4135;137
4135;696
4140;218
4140;809
4141;635
4149;321
4149;925
4150;719
4151;195
4152;991
4153;272
4154;555
4156;507
4163;719
4165;476
4166;709
4167;252
4170;361
4170;821
4174;279
4174;908
4175;101
4175;279
4176;168
4177;630
4177;695
4178;440
4179;64
4183;301
4183;410
4192;827
4192;862
4193;993
4194;478
4195;389
4196;468
4196;992
4198;205
4198;480
4198;637
4207;57
4208;977
4213;955
4215;739
4216;528
4216;882
4218;345
4234;945
4235;429
4237;476
4238;122
4242;450
4246;477
4249;498
4251;200
4254;316
4257;997
4259;126
4263;388
4264;325
4271;116
4271;944
4274;375
4275;678
4277;614
4279;919
4279;993
4283;384
4283;687
4284;156
4286;980
4288;374
4291;401
4291;631
4296;421
4298;589
4298;779
4305;538
4309;235
4311;51
4322;797
4323;214
4323;813
4323;856
4325;253
4327;628
4329;304
4333;794
4335;187
4338;228
4341;709
4343;221
4343;312
4343;441
4344;497
4348;142
4351;31
4351;136
4351;190
4352;176
4355;155
4356;912
4360;792
4361;391
4369;809
4371;666
4373;554
4374;28
4374;865
4380;459
4382;515
4384;278
4384;814
4385;939
4390;53
4393;828
4395;534
4398;690
4401;984
4403;759
4404;72
4407;397
4408;893
4412;849
4413;878
4414;924
4419;798
4423;81
4428;132
4432;6
4434;79
4436;974
4437;425
4438;867
4440;459
4440;724
4441;50
4445;646
4445;861
4446;122
4449;151
4449;863
4452;836
4454;430
4458;488
4459;79
4459;546
4459;679
4461;184
4461;560
4468;480
4474;626
4477;981
4481;138
4481;991
4492;355
4497;233
4500;833
4502;542
4503;365
4503;698
4508;652
4509;135
4512;809
4513;810
4526;182
4526;370
4534;484
4536;904
4537;986
4539;144
4539;406
4546;392
4549;462
4552;457
4552;542
4552;959
4555;912
4562;94
4563;858
4568;571
4569;332
4571;148
4572;579
4575;116
4575;687
4578;557
4581;733
4588;542
4589;251
4594;211
4597;411
4597;948
4599;990
4602;297
4604;943
4605;468
4605;546
4606;306
4606;936
4607;86
4607;543
4609;411
4610;462
4610;543
4612;157
4615;759
4616;622
4616;758
4617;118
4618;627
4621;153
4621;277
4621;816
4622;833
4626;395
4627;451
4628;905
4635;881
4640;490
4640;909
4642;711
4647;555
4651;626
4656;326
4656;985
4663;794
4664;888
4666;894
4668;183
4670;72
4673;49
4675;317
4677;255
4683;61
4684;959
4685;825
4689;284
4691;55
4691;795
4692;254
4695;269
4697;12
4700;398
4700;601
4701;622
4701;623
4702;412
4704;243
4709;857
4711;387
4711;779
4712;637
4713;364
4715;885
4716;1
4718;529
4719;616
4719;639
4719;640
4720;195
4729;73
4729;167
4730;867
4731;319
4732;886
4734;243
4735;617
4745;688
4745;971
4750;79
4750;467
4751;400
4756;857
4756;887
4759;653
4762;18
4765;211
4768;702
4769;175
4770;387
4772;748
4775;402
4781;179
4781;773
4782;942
4784;630
4787;327
4789;367
4791;576
4791;743
4792;34
4798;59
4802;80
4805;352
4811;352
4811;496
4812;355
4815;968
4819;30
4821;963
4824;202
4826;587
4828;232
4828;548
4829;635
4836;991
4842;496
4844;697
4846;719
4849;206
4851;651
4853;311
4856;863
4859;556
4861;592
4863;627
4864;753
4867;720
4869;82
4869;609
4870;524
4875;982
4878;274
4878;561
4882;131
4884;165
4886;886
4887;288
4895;508
4899;355
4900;298
4902;793
4905;240
4905;494
4906;902
4907;661
4910;478
4913;439
4914;701
4915;320
4917;317
4919;598
4926;886
4930;129
4930;745
4932;353
4937;47
4938;220
4941;986
4946;493
4950;919
4951;575
4953;996
4958;260
4958;755
4960;401
4964;814
4967;194
4967;309
4967;316
4969;875
4972;288
4973;272
4974;47
4975;377
4980;739
4982;985
4983;131
4985;601
4986;695
4987;561
4990;698
4992;614
4996;958
4997;1
4999;902
5008;555
5011;726
5015;78
5016;929
5021;456
5022;650
5029;290
5031;549
5032;2
5035;63
5036;602
5036;842
5039;146
5039;508
5043;257
5043;402
5046;392
5046;447
5047;409
5049;257
5049;368
5052;985
5056;239
5056;585
5056;646
5068;404
5070;618
5076;83
5081;123
5082;357
5084;975
5088;763
5089;185
5096;236
5096;585
5102;875
5110;306
5117;600
5118;829
5126;439
5128;114
5129;134
5130;850
5131;255
5138;810
5139;321
5140;541
5149;748
5150;72
5154;602
5162;82
5166;392
5168;406
5175;131
5175;703
5176;29
5184;760
5184;788
5185;605
5188;818
5190;234
5191;668
5192;474
5192;788
5199;393
5200;883
5203;73
5207;553
5209;771
5210;839
5213;517
5221;305
5221;452
5222;413
5222;717
5223;95
5223;633
5224;902
5225;249
5229;948
5236;275
5236;666
5237;353
5241;284
5242;638
5246;923
5249;688
5252;57
5252;192
5253;440
5253;760
5258;217
5258;493
5267;628
5271;781
5272;472
5276;406
5276;530
5277;569
5282;168
5284;655
5286;545
5290;132
5290;996
5292;524
5294;492
5297;259
5300;264
5302;351
5304;85
5305;323
5305;848
5306;908
5309;559
5311;58
5312;427
5316;398
5317;11
5318;657
5323;334
5326;247
5326;272
5328;417
5329;229
5333;817
5337;261
5342;691
5350;482
5350;562
5350;742
5351;539
5352;384
5354;896
5356;534
5361;583
5370;210
5373;612
5378;37
5384;212
5385;923
5388;406
5392;152
5392;396
5397;759
5398;243
5401;289
5404;532
5405;842
5411;694
5412;81
5412;656
5414;97
5417;507
5421;195
5422;179
5425;784
5426;3
5426;621
5426;986
5428;459
5432;199
5432;574
5432;763
5434;100
5434;998
5437;257
5438;229
5442;631
5443;640
5444;801
5451;888
5459;226
5461;259
5462;203
5466;723
5467;933
5471;190
5471;895
5473;497
5476;910
5479;17
5480;15
5484;868
5489;249
5490;122
5492;704
5494;402
5497;762
5497;805
5498;653
5498;902
5499;271
5501;547
5502;422
5505;435
5508;370
5510;759
5512;197
5514;413
5520;193
5520;953
5524;877
5525;433
5525;818
5526;956
5530;306
5543;872
5544;34
5545;156
5548;364
5548;559
5555;611
5564;230
5566;682
5569;935
5570;13
5570;721
5574;695
5582;205
5582;789
5586;962
5591;390
5597;763
5598;545
5601;324
5601;514
5604;613
5606;541
5606;961
5607;598
5614;137
5615;326
5623;942
5627;656
5632;691
5632;962
5638;621
5639;46
5640;12
5641;364
5642;221
5643;244
5644;572
5645;637
5645;779
5652;202
5653;8
5653;60
5653;456
5655;157
5666;391
5669;143
5671;447
5674;149
5675;52
5675;124
5677;490
5678;26
5680;252
5680;704
5685;396
5686;580
5689;736
5692;578
5701;880
5702;547
5707;686
5709;949
5711;161
5714;843
5716;770
5717;928
5720;35
5720;149
5722;776
5724;848
5725;378
5727;240
5731;775
5732;467
5734;491
5734;540
5735;445
5738;935
5739;260
5742;182
5744;872
5744;992
5747;866
5748;385
5749;136
5750;36
5751;120
5751;461
5756;647
5760;888
5761;72
5763;224
5765;848
5774;970
5775;250
5777;721
5779;180
5781;610
5784;135
5784;208
5790;670
5800;59
5801;215
5801;560
5806;218
5806;823
5807;558
5807;728
5818;798
5820;464
5821;682
5822;28
5824;836
5827;589
5832;743
5833;362
5835;746
5836;656
5837;845
5840;849
5841;908
5842;933
5847;832
5849;105
5849;538
5850;619
5852;570
5854;180
5863;608
5871;239
5872;294
5873;540
5874;553
5875;622
5882;240
5884;535
5888;155
5888;281
5896;70
5897;377
5898;237
5900;151
5904;898
5905;665
5906;190
5907;681
5907;958
5910;128
5911;978
5912;557
5913;843
5915;1
5916;286
5916;432
5916;638
5916;685
5922;652
5927;873
5930;785
5932;418
5935;834
5939;27
5942;235
5942;348
5943;361
5943;911
5945;404
5946;847
5947;392
5948;926
5950;598
5950;759
5952;530
5953;565
5956;201
5959;552
5960;525
5960;587
5961;544
5961;859
5962;531
5965;143
5975;997
5983;995
5984;513
5984;520
5985;169
5986;354
5986;626
5987;232
5987;986
5989;312
5990;779
5990;937
5992;670
5993;108
5995;445
5995;912
5998;485
6005;996
6017;475
6018;157
6019;898
6024;706
6027;195
6027;989
6028;178
6029;564
6032;692
6033;145
6036;77
6042;524
6042;881
6044;504
6051;982
6053;428
6056;583
6057;862
6059;328
6060;777
6060;984
6062;610
6068;67
6069;595
6070;427
6070;624
6074;642
6074;724
6095;736
6098;175
6098;476
6100;69
6100;483
6111;609
6113;192
6115;652
6124;61
6124;321
6132;568
6142;514
6142;842
6142;855
6145;867
6148;893
6153;431
6161;748
6162;244
6164;502
6173;19
6173;220
6174;92
6175;565
6179;832
6185;735
6188;265
6191;313
6195;473
6197;353
6199;850
6202;759
6202;906
6203;179
6204;64
6208;265
6208;274
6210;233
6211;953
6214;754
6223;957
6225;132
6230;160
6232;441
6234;60
6238;945
6240;769
6241;135
6242;420
6244;867
6246;417
6247;200
6248;424
6249;382
6250;722
6251;225
6252;96
6252;740
6253;330
6254;786
6256;359
6259;532
6259;959
6263;663
6263;969
6266;259
6268;957
6269;831
6270;292
6274;109
6279;81
6279;829
6282;309
6282;402
6282;420
6284;465
6284;834
6285;506
6287;218
6288;299
6296;572
6297;389
6301;598
6307;448
6310;893
6312;663
6313;547
6316;833
6326;624
6327;808
6333;68
6334;682
6336;184
6338;454
6340;132
6340;420
6342;112
6343;154
6345;291
6347;524
6348;378
6348;506
6349;59
6349;123
6349;180
6350;660
6355;607
6361;427
6363;709
6364;923
6365;646
6365;908
6369;162
6372;554
6374;64
6378;834
6381;417
6389;427
6391;256
6391;419
6394;267
6397;727
6398;436
6399;368
6400;471
6400;922
6402;103
6402;985
6407;565
6407;622
6409;21
6418;26
6420;125
6421;236
6424;74
6426;148
6429;917
6431;102
6439;742
6441;429
6444;634
6450;336
6451;506
6453;18
6454;799
6457;426
6460;217
6460;990
6462;149
6463;738
6463;869
6464;17
6478;791
6478;846
6483;200
6486;705
6489;3
6490;691
6490;751
6491;393
6492;409
6493;650
6497;674
6499;300
6501;918
6502;505
6504;607
6504;926
6506;174
6506;266
6508;264
6513;788
6514;876
6519;825
6522;698
6523;548
6524;446
6526;649
6526;922
6528;799
6529;900
6532;692
6537;559
6539;462
6539;677
6539;871
6542;945
6545;637
6549;455
6554;30
6556;24
6566;766
6568;186
6570;851
6574;595
6579;384
6583;190
6587;10
6587;556
6591;78
6591;816
6592;128
6595;179
6598;257
6601;479
6606;740
6609;318
6610;413
6612;279
6612;332
6612;904
6616;192
6617;972
6618;302
6627;294
6628;336
6629;343
6633;940
6635;34
6638;904
6646;247
6646;664
6648;947
6651;101
6651;900
6653;374
6664;556
6674;895
6678;568
6679;777
6682;734
6682;909
6691;968
6694;951
6706;333
6710;12
6710;118
6710;633
6711;801
6715;510
6715;705
6720;758
6728;59
6729;185
6737;436
6749;591
6750;528
6750;670
6754;511
6758;655
6761;135
6762;856
6767;219
6769;984
6772;247
6775;122
6775;457
6779;70
6779;836
6780;445
6786;227
6791;281
6791;900
6794;413
6799;690
6800;401
6803;559
6804;427
6805;499
6814;16
6817;13
6819;744
6821;808
6826;551
6829;276
6837;122
6838;937
6843;683
6849;225
6854;305
6856;367
6859;368
6861;936
6863;187
6871;48
6874;896
6875;16
6875;172
6881;75
6881;88
6882;555
6884;323
6886;617
6890;406
6892;443
6902;222
6902;232
6903;401
6905;818
6906;570
6907;941
6909;164
6914;14
6921;159
6923;374
6923;539
6923;792
6933;639
6935;737
6936;105
6938;922
6940;964
6943;302
6944;438
6945;15
6945;958
6947;38
6949;114
6953;391
6955;296
6955;549
6958;626
6959;146
6959;402
6960;945
6968;382
6973;334
6973;558
6976;565
6978;338
6978;447
6980;358
6988;695
6994;971
6997;890
7000;441
7006;888
7007;80
7011;646
7013;558
7015;70
7015;89
7017;160
7023;842
7026;971
7030;100
7035;37
7045;133
7048;963
7050;552
7050;889
7052;867
7055;251
7056;877
7057;939
7060;951
7066;154
7068;179
7070;278
7071;265
7071;850
7072;546
7073;306
7075;2
7075;92
7075;675
7079;361
7083;378
7089;66
7089;236
7090;455
7090;483
7092;79
7094;482
7096;564
7097;328
7100;715
7115;510
7115;765
7116;604
7117;850
7118;772
7121;31
7123;9
7124;633
7125;133
7127;11
7127;755
7127;841
7129;552
7137;52
7139;680
7140;564
7143;945
7149;933
7152;353
7156;806
7156;881
7158;680
7170;460
7174;566
7180;304
7180;531
7181;8
7181;700
7183;564
7183;694
7184;460
7186;219
7186;853
7188;123
7188;363
7188;547
7189;32
7194;217
7201;502
7202;391
7204;460
7207;591
7214;990
7215;32
7217;254
7217;380
7219;587
7219;974
7220;775
7222;202
7227;257
7227;333
7227;372
7229;186
7231;824
7237;907
7241;69
7242;127
7242;239
7242;619
7245;693
7248;632
7252;611
7253;5
7254;293
7258;815
7260;383
7278;892
7281;766
7288;298
7288;645
7292;396
7293;53
7296;191
7297;640
7298;913
7302;263
7302;272
7306;645
7316;187
7318;195
7325;590
7327;634
7328;712
7328;792
7328;996
7329;408
7330;865
7334;344
7342;805
7342;809
7344;790
7345;17
7345;818
7347;244
7350;479
7351;73
7356;298
7356;382
7358;29
7361;414
7363;497
7366;533
7367;922
7370;87
7370;836
7371;405
7374;597
7379;893
7379;955
7383;494
7385;494
7388;170
7388;426
7388;986
7392;682
7393;415
7393;463
7393;640
7399;447
7399;709
7401;151
7406;430
7407;987
7408;704
7409;335
7410;143
7411;702
7414;211
7414;778
7415;116
7415;898
7416;874
7422;348
7430;375
7430;846
7433;367
7436;887
7438;450
7438;653
7439;654
7440;218
7442;147
7447;521
7447;561
7454;948
7457;349
7466;14
7478;228
7478;248
7479;324
7480;562
7480;644
7481;89
7482;232
7483;500
7485;744
7486;974
7494;69
7495;187
7496;510
7502;882
7504;606
7506;517
7511;289
7517;807
7518;688
7519;683
7524;769
7525;275
7532;272
7534;625
7534;794
7537;632
7545;511
7548;778
7551;30
7555;646
7557;652
7558;651
7559;563
7561;730
7565;961
7569;155
7569;325
7570;939
7580;818
7583;876
7585;262
7587;87
7588;48
7588;785
7589;238
7595;145
7596;609
7604;351
7605;581
7606;668
7607;51
7607;557
7613;890
7614;754
7615;620
7617;628
7619;57
7623;979
7624;192
7624;220
7625;375
7626;979
7627;345
7629;26
7630;406
7632;275
7636;799
7643;878
7647;221
7648;809
7650;720
7651;156
7659;9
7659;634
7661;555
7667;401
7668;547
7669;718
7671;515
7674;516
7678;911
7680;816
7684;740
7689;501
7689;753
7690;238
7693;270
7693;421
7696;299
7702;820
7709;191
7710;988
7712;250
7712;408
7713;768
7715;397
7715;507
7718;122
7722;830
7723;198
7725;537
7737;571
7738;562
7738;798
7738;881
7742;1
7744;253
7745;404
7745;730
7745;930
7751;536
7753;670
7755;804
7756;719
7758;45
7761;384
7764;877
7770;761
7771;665
7771;677
7771;805
7772;695
7774;56
7774;94
7775;617
7777;198
7777;654
7778;162
7783;61
7784;715
7785;793
7786;815
7787;741
7792;76
7793;80
7793;700
7793;967
7795;804
7798;89
7802;797
7803;366
7807;431
7808;760
7812;450
7813;170
7814;4
7814;461
7816;911
7818;167
7818;685
7819;324
7821;31
7822;280
7827;387
7827;586
7829;52
7831;665
7832;212
7834;653
7838;870
7844;347
7848;274
7848;814
7854;167
7855;961
7863;205
7865;459
7869;320
7871;184
7872;55
7873;576
7876;24
7876;103
7877;494
7878;380
7881;399
7882;417
7883;974
7885;195
7890;532
7897;30
7902;617
7906;665
7909;322
7909;457
7915;509
7923;949
7927;445
7929;465
7931;276
7935;824
7940;102
7943;919
7944;107
7949;227
7953;973
7955;794
7957;149
7958;32
7958;319
7960;993
7961;876
7962;240
7962;710
7965;349
7968;42
7971;929
7972;534
7974;26
7980;556
7984;589
7984;650
7985;491
7986;491
7990;372
7990;542
7991;779
7995;658
7996;207
7996;524
7996;545
8001;572
8006;651
8008;734
8011;543
8018;314
8020;509
8021;630
8024;582
8030;342
8032;43
8037;250
8040;785
8041;557
8043;443
8047;283
8047;531
8047;625
8051;766
8051;803
8053;930
8054;987
8067;920
8068;601
8073;91
8073;681
8076;756
8077;952
8080;187
8082;669
8083;293
8085;573
8087;732
8089;912
8091;982
8094;670
8095;312
8099;18
8103;141
8105;919
8110;40
8110;986
8112;75
8115;308
8117;33
8117;237
8119;159
8125;636
8130;692
8130;993
8131;301
8133;521
8135;319
8137;720
8138;690
8139;128
8140;580
8142;599
8143;23
8145;366
8151;610
8151;643
8151;677
8155;709
8158;150
8167;536
8168;841
8169;657
8171;436
8172;431
8174;786
8176;83
8176;766
8181;620
8182;110
8185;108
8187;180
8194;722
8197;425
8198;934
8199;745
8204;531
8204;828
8206;600
8206;878
8207;183
8208;395
8208;494
8219;77
8222;886
8223;553
8226;301
8228;278
8229;290
8233;199
8235;856
8238;498
8243;981
8247;197
8249;170
8250;580
8250;799
8252;869
8255;808
8257;312
8262;222
8267;632
8267;745
8271;858
8271;943
8274;628
8276;188
8277;21
8277;217
8282;903
8284;664
8284;985
8287;822
8288;476
8290;977
8291;954
8292;57
8294;338
8297;185
8297;742
8299;761
8300;267
8303;727
8303;728
8303;996
8307;138
8310;810
8310;984
8317;249
8318;981
8319;236
8321;675
8330;753
8331;606
8339;384
8341;964
8342;922
8346;679
8347;328
8348;972
8349;519
8350;63
8351;539
8351;578
8352;339
8354;732
8355;968
8358;580
8360;438
8362;152
8366;381
8369;733
8369;950
8371;199
8375;214
8378;216
8379;735
8382;474
8386;770
8396;459
8396;501
8411;171
8415;854
8415;861
8417;648
8418;672
8419;214
8421;349
8422;381
8424;544
8426;605
8426;685
8427;547
8431;182
8435;771
8438;22
8438;654
8439;804
8440;102
8440;883
8443;741
8444;98
8444;662
8446;94
8449;159
8450;885
8450;923
8455;360
8460;479
8465;714
8467;291
8469;225
8473;608
8473;993
8476;434
8476;539
8480;945
8481;878
8483;745
8484;158
8491;754
8492;763
8494;865
8495;382
8496;14
8499;971
8502;5
8506;451
8511;510
8513;595
8517;813
8517;919
8521;117
8524;20
8526;52
8530;376
8531;650
8534;369
8539;922
8540;430
8549;420
8550;331
8556;948
8559;452
8559;496
8560;783
8565;6
8565;769
8567;838
8570;275
8570;614
8571;666
8571;835
8573;875
8575;62
8575;737
8580;407
8583;605
8583;987
8586;257
8586;827
8587;895
8588;138
8588;241
8590;843
8592;307
8600;633
8606;447
8607;174
8608;285
8609;127
8619;885
8620;433
8620;574
8624;826
8625;925
8628;6
8628;861
8630;91
8632;566
8633;548
8638;383
8638;440
8643;553
8644;661
8646;929
8648;911
8649;535
8651;320
8655;126
8655;403
8656;935
8667;281
8667;596
8676;331
8679;343
8681;63
8690;720
8692;17
8695;303
8695;548
8698;210
8700;514
8705;676
8708;242
8708;671
8710;253
8711;691
8714;74
8714;929
8715;796
8720;370
8726;882
8729;680
8730;224
8731;786
8733;488
8735;631
8736;952
8740;59
8742;508
8756;757
8760;329
8760;333
8761;541
8764;244
8766;245
8771;28
8773;901
8774;123
8774;186
8776;222
8778;872
8780;755
8784;40
8785;504
8789;985
8797;136
8810;301
8822;551
8826;115
8827;341
8830;993
8835;724
8841;365
8842;272
8843;41
8846;465
8849;644
8850;606
8852;480
8858;174
8859;236
8860;741
8860;948
8862;95
8864;832
8875;411
8878;334
8884;393
8887;580
8891;38
8891;863
8901;503
8902;799
8905;681
8907;328
8910;760
8910;891
8912;270
8913;252
8914;890
8918;848
8922;634
8925;213
8926;291
8926;586
8932;53
8934;178
8934;816
8941;155
8941;759
8942;998
8946;448
8947;340
8949;805
8949;957
8950;543
8962;120
8962;854
8963;810
8969;348
8972;253
8973;829
8973;883
8977;9
8979;751
8979;783
8987;350
8989;410
8992;498
8993;633
8994;298
8995;573
8996;314
8996;375
8997;587
9003;502
9004;748
9005;400
9005;575
9005;942
9007;612
9016;630
9017;176
9018;204
9021;830
9033;541
9034;891
9036;154
9042;285
9045;444
9046;583
9048;706
9050;220
9059;462
9060;142
9063;346
9066;38
9066;270
9068;835
9069;736
9073;668
9078;617
9079;230
9081;647
9082;952
9088;231
9089;115
9091;30
9091;982
9094;199
9094;592
9094;753
9096;57
9097;104
9097;609
9099;713
9102;815
9102;939
9110;728
9110;961
9111;156
9112;188
9114;295
9116;81
9116;869
9117;159
9120;763
9120;1605
9121;1605
9121;1606
9126;379
9127;801
9131;424
9131;902
9132;510
9138;668
9141;79
9141;982
9142;724
9142;727
9149;265
9150;652
9151;566
9152;725
9153;72
9154;824
9156;446
9156;888
9161;774
9162;827
9163;690
9167;977
9173;544
9174;596
9183;644
9186;364
9188;126
9188;402
9189;343
9197;94
9197;486
9199;395
9202;720
9206;599
9208;668
9211;918
9217;453
9219;703
9220;788
9221;239
9223;354
9224;855
9227;662
9231;302
9231;904
9237;695
9239;761
9241;618
9242;298
9242;894
9244;626
9245;811
9247;279
9249;322
9255;642
9264;617
9265;121
9265;635
9265;664
9269;209
9269;578
9269;887
9274;591
9274;957
9278;768
9281;850
9287;317
9289;683
9290;887
9291;787
9292;60
9293;171
9293;770
9299;785
9302;987
9304;549
9305;874
9305;898
9306;468
9306;804
9310;441
9311;515
9315;338
9316;8
9316;356
9316;441
9319;389
9321;99
9322;542
9326;471
9326;772
9329;405
9338;934
9339;438
9345;2
9349;607
9351;568
9356;166
9356;847
9357;482
9357;925
9359;509
9362;874
9363;428
9363;530
9364;333
9368;436
9373;199
9375;675
9375;1000
9386;726
9388;242
9389;883
9391;188
9391;625
9395;882
9396;459
9399;162
9401;668
9404;908
9405;78
9408;378
9411;853
9414;153
9418;183
9421;958
9422;855
9426;99
9427;236
9428;506
9429;310
9430;713
9433;89
9434;743
9440;717
9445;662
9452;498
9456;996
9457;406
9458;728
9459;377
9460;367
9467;128
9468;430
9468;996
9470;142
9476;521
9481;72
9488;522
9489;198
9489;773
9490;999
9494;71
9496;343
9498;954
9499;54
9504;18
9506;825
9508;478
9511;294
9511;623
9514;938
9516;702
9516;838
9518;857
9519;801
9519;806
9520;157
9521;132
9523;209
9526;388
9526;890
9527;86
9532;119
9533;343
9534;730
9535;887
9536;57
9540;117
9542;109
9548;571
9550;276
9555;136
9560;556
9562;499
9567;677
9567;804
9569;70
9572;444
9572;620
9580;738
9584;816
9585;232
9587;152
9587;614
9589;230
9589;658
9594;450
9595;997
9601;706
9609;764
9610;88
9622;531
9623;780
9624;210
9624;984
9627;73
9632;213
9634;853
9636;312
9637;861
9644;74
9644;459
9651;197
9652;631
9652;824
9653;570
9658;191
9658;640
9658;823
9658;840
9661;912
9663;721
9664;619
9666;53
9672;442
9672;893
9676;318
9677;815
9677;997
9686;458
9689;112
9690;261
9691;925
9692;616
9694;352
9694;637
9697;445
9703;354
9703;520
9710;794
9713;922
9716;310
9716;335
9720;427
9723;692
9725;339
9726;268
9726;968
9729;211
9731;119
9738;390
9740;129
9745;956
9747;640
9747;960
9750;219
9755;600
9769;49
9769;568
9771;128
9771;267
9772;421
9774;873
9774;912
9776;987
9778;109
9778;305
9778;328
9778;418
9780;404
9781;521
9782;820
9783;27
9786;482
9787;365
9787;454
9787;916
9790;320
9790;971
9791;233
9792;87
9800;794
9801;361
9803;342
9806;728
9809;779
9810;623
9811;868
9813;65
9813;267
9813;279
9816;270
9817;934
9821;682
9823;591
9824;160
9825;891
9829;566
9833;416
9834;586
9838;291
9848;547
9848;718
9850;346
9852;687
9855;535
9857;945
9861;601
9877;226
9878;779
9882;341
9883;246
9885;893
9890;873
9893;839
9898;592
9905;980
9907;946
9911;948
9912;735
9918;42
9918;960
9922;567
9923;514
9927;724
9928;412
9928;745
9929;517
9930;203
9931;547
9932;387
9935;642
9937;804
9939;507
9940;563
9951;534
9953;366
9955;281
9957;951
9958;937
9961;591
9968;124
9968;702
9974;267
9976;464
9979;258
9983;179
9991;834
9999;42
10123;1605
10123;1606
10129;1
